place_id,name
ChIJaxT4JNFy8IgRdn_H--tVRWw,U Store U Lock Self Storage
ChIJvfvxXQLH9ogRILbjAyx9kfI,Garrett Self Storage
ChIJZ0756API9ogRXUwfcxBysBw,By-Pass Storage
ChIJZTtiEQu49ogRoTXg9kMdUQY,Capital Storage
ChIJ8anKQAu49ogRc1tx4ptoT8A,Eagle Self Storage
ChIJvTGSxInH9ogRRRHSOu7QOMI,StorageMart
ChIJfwnzRNLH9ogRWnZwH0eTj0k,Central Georgia Storage
ChIJE9_van249ogRiQK7l18QY9g,Central Georgia Storage
ChIJp3Brsri49ogR_CWWRUpu5Bw,AAA Mini Storage
ChIJ_3urC9gD9ogRugDaOfxUQgY,Banks Crossing Mini Warehouse
ChIJi6vYsZ0D9ogRmRVrAVvM8-s,DOUBLE C SELF STORAGE
ChIJI5VO7fOtWIgRkdjyyoHf0Nc,Habersham Mini-Storage
ChIJlarVGqCtWIgRej4VjYCzc34,Baldwin Mini Storage
ChIJo9QX0wTq9YgR-cjhqwpar9Q,324 Mini Storage
ChIJI5xhXgPq9YgRU4Nn5mSXKAw,10 Federal Self Storage
ChIJaSNDMdHp9YgRC8bG-jHub9c,Carl Mini Storage
ChIJ5-cAOYrn9YgRaPz4rk1q8MY,StorAway Mini Warehouses
ChIJo8c5Zojn9YgRoW77hhePt2o,Winder Mini Warehouses
ChIJi7HuZ-zf9YgRCfpKRDWGAq0,USA Storage Centers - Sunset Drive
ChIJq2SizcPd9YgRDU34vC8v73Q,10 Federal Self Storage
ChIJka4ZzHrd9YgRiiqAtQvXyt8,316 Self Storage
ChIJzSOpkl3l9YgRXd5pkE4S0dc,USA Storage Centers - Hoschton
ChIJAVZnhJnl9YgRsH6H6ziTrbg,Chateau Storage
ChIJsyUFrFlP9YgR0Zqi8pkoMtg,Cartersville Mini Storage
ChIJL1yREMFP9YgRthwMy4rL8MY,The Storage Key Climate Controlled
ChIJ_xlOLYhP9YgRKAGix9_ejzE,Prime Storage
ChIJE4ffpI1R9YgRXq7SUXZ8Gvk,Cass Mini Storage
ChIJGQpyy3dN9YgRSVjfPtLAEhI,Agile Cold Storage
ChIJKzKyxU9V9YgR-wn4z9qGkfw,Adairsville's Attic Self Storage
ChIJNT2CksRO9YgRUeN6Fy5wvyk,American Storage
ChIJBQJCjwBN9YgRb-IxRZ57I7Y,THE STORAGE PLACE
ChIJoYhAPmFa9YgRNNS8OstYz1U,Bartow Storage Corporation
ChIJ9WEOOsPp8YgRKA5Zo-6ZTxM,Ark Self Storage
ChIJR-kppf_p8YgRM8u9wmp7mnw,Grant Street Storage
ChIJqTAzHcXp8YgRIsiGb23Yguc,Storage Express
ChIJDWlBBrj884gRNaCNaTm1qAY,Macks Self Storage
ChIJ95qRBKn884gRBI6QonPpOJo,Hartley Bridge Storage
ChIJ_dHWJq_884gRAk1hQnAVWLE,Rutland Self Storage
ChIJ30FrNqX884gReOy10tSJdZQ,Oak Grove Self Storage
ChIJK1DjaPr884gRSlmzbT0U_nc,"Blair Moving & Storage Co., LLC"
ChIJJ9MGILv_84gRON92sah4sQY,CubeSmart Self Storage
ChIJjfj6Vk759IgRim5ynY2hokY,SecurCare Self Storage
ChIJWwMjDmj-84gRTOCsrOzb-D4,Bibb County Recores Storage Center
ChIJHQtF7EL-84gR7GBdkWFfYMQ,U-Haul Moving & Storage at Gray Hwy
ChIJQ-urdC_-84gRs_xd9yPuy3w,Iron Guard Storage - Macon - Shurling
ChIJJRjAPzX-84gRKbQXNNvSY9Y,Super Storage Macon
ChIJU4e9Oev484gRVoVbCTRZKCs,Forest Hill Mini Storage
ChIJkQW93DX584gRbDmLcISD468,Vineville Mini-Storage
ChIJWR_pn8n484gRd8Q6MmE9vhw,All-American Self Storage
ChIJdyURmif_84gRCzWeK9_yDJY,StorageMaster Climate Controlled Storage
ChIJWTUpMaz-84gR_gMeQE9VqG0,JFK Mini Storage
ChIJJ0-zywf884gRAEyEi044MD8,Iron Guard Storage - Macon - Key St
ChIJRTGhnij684gR46HzFg1HnHI,Eagle Self Storage
ChIJBaIF9fX584gRB71qz09fJdU,Storage Club
ChIJ8ady0Qn884gR_LE3CxP-HVw,Ark Self Storage
ChIJw9xM4cT984gR3Or4PMb590U,Ark Self Storage Macon
ChIJ_yXxSg9V8YgRHj0SiFSK-OY,Joycliff Self Storage
ChIJKUBNzOlU8YgRoQAY9sOHOJ0,Evergreen Storage
ChIJoXk8WZn484gR-3HqtuE0esA,10 Federal Self Storage
ChIJ0V_cyYcH9IgRtyZl2FiHvj8,All-American Self Storage
ChIJ-WaVMp0H9IgRoY1TaK9-3ok,Bass At Wesleyan Self Storage
ChIJa8AhCar384gR9rYgIp2ZLpY,Zebulon Self Storage
ChIJq96KYR3784gRVVG4EDZ9BAQ,Atlas Moving And Storage
ChIJgXUJmAd_7ogRn5JcecWyTco,Trrp Mini Storage
ChIJfYMKnT0P-4gRFq97dQDqKe0,Richmond Hill Mini Storage
ChIJv1PKZU8P-4gROJIIh_u5f_4,144 Mini Storage
ChIJUyy29z0P-4gR34kz3nl2454,G & S Self-Storage
ChIJl--e5k0P-4gR5FhmUws9KxI,Longwood Mini Storage
ChIJPQAfTa1A-ogRMZH2PXqijgU,A Main Street Storage
ChIJa76RlINB-ogR6iuocMV8QlQ,A Main Street Storage
ChIJd2D1crFA-ogReZjfwmlajOA,A Main Street Storage
ChIJoRyaxKtA-ogR71zilH4NzJA,Statesboro Self Storage
ChIJEZIVcq5B-ogR2WPlH7Azo7Q,Claxton Cold Storage
ChIJV_1Q755A-ogRPzbMZTvetAY,Storage R Us
ChIJpVp1yKo4-ogRLIH6R2ugvNI,Pioneer Park Mini Warehouses
ChIJdf_jtEI_-ogRX64Wpawkewc,Statesboro Storage Center
ChIJN6zz798_-ogRttejGgAAwzQ,Southern Safe Storage
ChIJS0gOR7w4-ogR6c6LNR6n9kA,A Affordable Storage
ChIJ-a_4X7M4-ogRoz4arloim1c,"Statesboro Transfer & Storage, Inc."
ChIJMf78Er84-ogRvQNLBnoGoos,A-1 301 North Mini Storage & UHAUL Truck & Trailer Rentals
ChIJn-_HkAs_-ogRE22pUoSwUII,All Safe Storage Center
ChIJbaLxYN1A-ogRFE58KJQqHE8,Gateway Self Storage
ChIJhQZsn8zo-YgRWa9b_3rahYY,Security Self Storage
ChIJ2aAts8Zp9IgRfb9-DSMCppg,10 Federal Self Storage - 679 England Chapel Rd
ChIJbYIIUj1A9IgRe76dR28qYXw,Full Basement Self Storage
ChIJX-9MdkEF5YgRUck3FNXBDMc,Mini Warehouses
ChIJiUFKx_YP5YgROogT4kHNtkg,Kingsland Self Storage
ChIJtVlYRUcF5YgRv9N-uGu2zCE,Hippo Storage and Moving - West
ChIJiUAE_98E5YgRPCaQl0zcq5k,Simply Self Storage
ChIJnaFsCiAF5YgRDU4gqqkWIvA,iStorage Self Storage
ChIJF-LV-I0E5YgRfhe76DTbrHw,Mariners Self-Storage
ChIJX2K_H4YE5YgRR7avVU_r-l8,Hippo Storage
ChIJx_J8alwD5YgRjs_k1OPr8vI,Freedom Self Storage
ChIJcQxS7lMC5YgR1I2jvziq_LI,Hammock Transfer & Storage Inc
ChIJC9m1dRUD5YgR257p54E1W70,American Storage
ChIJqf5O-AMvi4gR1fhXqah7TSM,Able Self Storage
ChIJL6xsPqcvi4gR33OxCEJgxr4,Newnan Self Storage LLC
ChIJ_aO-WWcvi4gRmsDVmq5WNVI,Best Value Self Storage
ChIJG9FsDFMmi4gRfQnOI0Lcsqg,West Georgia Mini Warehouses
ChIJC8sMR8jZiogRSU7Va-ayF5U,NHE Storage
ChIJVS280d3ViogRPA7cFLsUjlM,ASAP Self Storage & Climate
ChIJw3-X2x7ViogR_sK1wCFLd3Q,Value Vault Storage
ChIJbVtnEDQr9YgRjiR0qTlInQY,ASAP Self Storage
ChIJtSDVavAq9YgRoOvfNbaTBdM,"Southeast Storage, Villa Rica"
ChIJM6IPVrAqi4gRPuUl5L9WkDg,Storage Xxtra
ChIJ24Sl-LAqi4gRzorm_bElz5I,Office Suites at Storage Xxtra
ChIJRXJNKP_ViogRmjtDPIWhbOQ,G & G Mini Warehouses
ChIJYShDVwQji4gRN4HQkTCIyNw,U-store-it Mini Storage
ChIJYZ0VgCQji4gRAZ_hvpz7lF4,Bowdon's Best Storage
ChIJv32oJowri4gRkPWKmXEu6nc,Temperature Control Storage
ChIJkwaUK99pYIgRaYkxJLX5R8I,Battlefield Crossing Mini Storage
ChIJo7yySYpnYIgRef0nWpQXPSo,Simple Storage
ChIJae-EVGJdYIgRkocQtt4wPeE,Ideal Storage & Rentals
ChIJgaPagdJnYIgRfwhyVWs98Cs,Pack Rat Self Storage
ChIJTR6F8M9nYIgRQiOnDcjIwsE,24 Hour Self Storage - Battlefield
ChIJJ7Kfc3BdYIgRYoe97lCG-f0,Lookout Self Storage
ChIJH3uqG_dnYIgRMEAiw-mhZWc,Lookout Self Storage
ChIJy2HM7RNnYIgRwBMQ-N5yx-E,FreeUp Storage Fort Oglethorpe
ChIJg96Ay51oYIgRPoMIVLhnYOQ,Ben's Storage
ChIJy9k_G6NoYIgR09Jw7Bupn0k,MedSTAT Mini Storage
ChIJxaCiPj1mYIgR3j_zGYDee2A,Cloud Springs Storage
ChIJoyUrI0VvYIgR1xrywxMnkko,Premier Mini Storage
ChIJu495yRRvYIgR8i9eYgi8t2E,Silvers Storage / SSD Storage LLC
ChIJXS3K7ElvYIgRq0awf2n8RpU,Storex Self Storage
ChIJv-rKGDpnYIgRqTSXg2F8uX8,Northwest Mountain Self Storage and Warehouses
ChIJDZgnCrFlYIgRwmMO8Tb_nH0,RINGGOLD STORAGE SPACECENTER
ChIJWZWAgmNmYIgRBsoy55PCwcg,A S A P Climate Control Storage
ChIJa_2QD9ZlYIgRVlAH33xygVY,Ringgold Storage
ChIJHUOO6tRnYIgR7shCXcxsGDU,North Georgia Climate Storage
ChIJBf40ZkNmYIgRzSkDLT3DqH4,Mack Smith Mini Storage
ChIJOfFtTzpmYIgR69SxN25bJhY,Lookout Self Storage
ChIJcTO614af-4gRjOxkTBgF2bA,Storage Depot of Savannah
ChIJLc_VEQ-m-4gR-ABb4PNDAeU,SecurCare Self Storage
ChIJPW6knlKh-4gRHSJiH-rPUk8,Go Store It Self Storage
ChIJbeVVs-ej-4gRiM-GzmIQ3Lk,UNITS Mobile Storage
ChIJY9a7GBmh-4gRZVO9EWxEYDI,SecurCare Self Storage
ChIJyRWIwhGh-4gRRmZ89qDkTu4,Gulf States Cold Storage
ChIJ9ambBzSh-4gRReoKCY9GMkg,Choose Mini Storage
ChIJN-V-bamn-4gRK1yauVCOttI,SecurCare Self Storage
ChIJyUbcaVOg-4gR1_gvUAs4QL8,Quick Lock Mini Storage
ChIJgY60Czav-4gRArdAQVtuFks,Choose Mini Storage
ChIJgRvL7OEJ-4gR21xuKLDIo-4,Preserve Self Storage
ChIJc7lIFzchYIgRP0Hc9jUp7Jc,Chattooga Self Storage
ChIJx44acJ1v9YgRpmvDFkHo7ek,Prime Storage
ChIJ4fGM8CJv9YgRyW2BMlkG-4Y,Stuff'N Storage
ChIJ0-IUug5v9YgRq4SZPGa85PE,Hickory Road Self Storage
ChIJz_l4UD1v9YgRtaATkwjKYVI,Premier Plus Storage
ChIJGYL90vNl9YgRpXSBi65V_9E,Stacy's Self Storage
ChIJyzf0ONpv9YgRHJLmdrZ4DFE,Tri City Storage
ChIJN5ZbBPJl9YgRBVyfCX-jDXA,U-Haul Moving & Storage of Canton
ChIJbUwHluRl9YgRvCzwvnu1Er0,Canton Area Self Storage
ChIJAeRoCyFm9YgRuvjL8j0G82Q,Knox Bridge RV Storage
ChIJdaazJ4Bn9YgReR2H-ArMr2M,L&B Moving and Storage llc
ChIJKXZ7Ac579YgRCyEp6XqqKQI,Cherokee Storage
ChIJu0dnkFh49YgRPhzyJdOlqHc,Free Home Storage
ChIJuQqtnImC9YgRklgtGfjFwfM,West Forsyth Storage
ChIJHR4QBbhB9YgR2Hb4TD5IZP4,Prime Storage
ChIJzeDP9I1B9YgRxoh_ovRkDcI,Acworth Lake Storage
ChIJ8Q3G9Nxr9YgRTApnWE6uuK4,Prime Storage
ChIJY0n-JR5w9YgRlVSucCq63LM,Bennie's Mini Warehouses
ChIJ9y2NUuNv9YgRsFwrRCjWmiU,J & N Storage
ChIJGbR5vQ1x9YgRy5j4lAeoANs,U-Haul Moving & Storage of Hickory Flat
ChIJ0cUOvsJp9YgRe0T81WRZpxo,Mini Max Storage
ChIJfQ7hOsFp9YgR5kwEAqGvBPQ,Allatoona Boat & RV Storage
ChIJQ9gyL1Nq9YgR8XfxLlnUfls,Dixie Mini Warehouse LLC
ChIJQQ-Aiq9p9YgRg-r2TVKWV_A,Self Storage
ChIJgVcyd_py9ogRR36YOTkWp9k,On the Way Storage
ChIJrwMY6ghz9ogRFXpJp11IIng,Boulevard Storage
ChIJJXAN8P1y9ogRmlr_1gb3K1c,Extra Space Storage
ChIJt6hwHgZz9ogRipjArbTtiZI,StorageMart
ChIJFaaeY3V09ogRbjZUYKXCweQ,Oconee Storage Westside
ChIJEQNSpDUT9ogRdorodo7_Tus,U-Haul Moving & Storage of North Downtown Athens
ChIJA9XmT0UT9ogRfEdxvLNhcq0,StorageMart
ChIJfedt_msT9ogRvbDD0nn8Z5A,Athens Lock Storage
ChIJv6b7OGAT9ogR3lulXy4hqIc,Crazy Ray's Self Storage
ChIJ4xDYbLFz9ogRlVVxqoL18_g,StayLock Storage
ChIJQ-k4Oc9t9ogRCcj-V02xo8M,Fort Knox Storage Units - Bells
ChIJdTgoHW1t9ogRejtMZRwuerA,On The Way Mini Storage
ChIJlYs78SkT9ogRiayso_aPU7Y,StayLock Storage
ChIJhWwAvZ5s9ogRJj3BhOOUj1E,Top Dog Storage
ChIJJcw16GRr9ogRomS4oZq4dRU,Extra Storage
ChIJ2dUexT1t9ogRRDO1C3pMEcg,Five Points Storage
ChIJxzzwLUlr9ogRTGBZkWgEqCI,Athens Self Storage
ChIJNYtWSHps9ogRz13wvL0Mux8,Barnett Shoals Mini Warehouses
ChIJP-EZ0Opt9ogRWACXWUo9Uy4,Safe & Sound Mini Storage
ChIJXw9EP5sN9ogR1e2Dc8_oTyQ,StayLock Storage
ChIJw3t_JjZy9ogRdMMNmz5OcKY,Epps Bridge Storage
ChIJhysH1Ez_9IgRbnw4XFXUZZE,A-1 Mini Storage
ChIJN5JDGCJW9IgRZp4SxSn5QBk,SecurCare Self Storage
ChIJu5z4DEH39IgR5MjmDlIBvGg,Bonanza Rentals and Storage
ChIJ7c9q_WD_9IgR7b6hrpv7cSQ,iStorage Rex
ChIJb0Kqrv_49IgRyIvW-S11Ack,United Steel Storage Inc
ChIJpTmngvr49IgRJ-DxomaiW18,Apex Self Storage
ChIJk8nB2tn99IgRckoClGqCPEU,U-Haul Moving & Storage of Forest Park
ChIJ75Yxrsb79IgRBrNkxGDbqYc,Storage
ChIJwxizWJP99IgR1J97yZU28xI,Collins Cold Storage
ChIJt9ReKlr99IgRN-fSZFtG8Og,U-Haul Moving & Storage of College Park at Riverdale Rd
ChIJue3CZitH9YgR6qq3XgrBkAU,Lee's Lakeside Storage
ChIJ59tYNlA79YgRAVMcRabIJdA,PODS Moving & Storage
ChIJW9_LjJQ_9YgRsf6zWwCbL7s,Extra Space Storage
ChIJ1QaJ28xB9YgRtmiDfpl2rzA,Prime Storage
ChIJm6x1eL5q9YgRDYGOXezN7q4,SmartShop Self Storage
ChIJ1UCXIJRt9YgRuc1POcNHusM,Prime Storage
ChIJHfbK8bor8IgRG0F8BhcUaRY,Storage Solutions
ChIJJfY0-fEr8IgRGMYgJIXwUFo,Star Storage
ChIJAVIOpJsr8IgRvey_y-s2QEU,Security Self Storage
ChIJP4kgPXor8IgRqpb05U3vpBA,Ark Self-Storage Group Llc
ChIJoTff6H8r8IgRfrRQLZlvx-8,Ark Self Storage
ChIJQfqq1G8s8IgRv71EKOPHqXk,A+ Safe Storage LLC
ChIJ1xY-mJXo7YgR5JynMGzjMbY,Downtown Mini Storage
ChIJ434gZGHo7YgR5H_EkBal4kY,Tallokas Mini Storage
ChIJYSoBasbo7YgRChw_Lo4h0rY,Tifton Highway Storage
ChIJ90HSNsTo7YgRIwbCRThUpiY,Moultrie Cold Storage
ChIJw6dK2Hrp7YgRZHPgcII5YMs,Almands Storage
ChIJd_8r8BXT-YgRV824yKJG18M,Storage Units
ChIJbetiQIPS-YgR13u-RP7qjks,Augusta Self Storage
ChIJlW5PSBDT-YgR6wIr3r4O4rI,Storage Sense
ChIJUe7BVx3T-YgRN36f3kB2wDQ,SecurCare Self Storage
ChIJKQh6WJrS-YgRS3AfWOBJBfk,SecurCare Self Storage
ChIJ09_U5k7T-YgRmXGGV_SsDJ4,Storage Sense
ChIJL1nflAvW-YgRyVVqMB-Dvo0,Storage Rentals of America
ChIJW__jdUPV-YgRKwsCsHCO4ME,Storage Sense
ChIJPaX35ljX-YgRBjU0QzCRwpY,Blue Sky Self Storage
ChIJeeoj4z7W-YgRpMdPUoJaNpo,Blue Sky Self Storage - Fort Gordon
ChIJo_bwCpPV-YgRQ8g3PObY4QA,Gateway Storage LLC
ChIJhdwVG3TU-YgRBF3uKk515PM,Storage Sense
ChIJl75suovT-YgRFO2clllx1Kg,Storage Sense
ChIJzWDsm73T-YgRZb8bBT4OXRw,Wheeler Road Self Storage
ChIJX_oqikLT-YgRnXsp6mISdaM,CubeSmart Self Storage
ChIJRYgwlAnU-YgRTUF4h8OOY9Y,Storage Sense
ChIJnRDThBTV-YgR-JtwRPN-PxY,Storage Sense - Grovetown
ChIJxbtu44fH9IgRX5tPHxTufqo,"Coweta RV Storage -- Unit 38, Gate Code 8284"
ChIJJ8K1IxbI9IgREizHSdaU20c,10 Federal Self Storage - 554 Corinth Rd
ChIJp8rLRpDI9IgROw0H8OCaAzQ,Greison Storage Mart
ChIJCYVNg5HI9IgRHCIj_C9lkcs,Annex Storage & U-Haul
ChIJ8-8TWTDJ9IgRpu4W1WrOOps,Ms. Lillian's Self-Storage
ChIJa4WK5xnG9IgRivedyYcNkoM,Greison Storage Mart
ChIJlbdqr3XE9IgRZgGBojmEoxc,Storage Xxtra
ChIJ1erS-HbE9IgRrVbpScSniDo,Newnan Lock Storage
ChIJO-1POYrD9IgRF-RrRB3msI4,Storage Xxtra
ChIJ-8yT9DTG9IgRloSccj-AUfk,Greison Storage Mart
ChIJt_mOiXDB9IgRqetMs-0mtB8,U-Haul Moving & Storage of Newnan
ChIJERMI3BHq9IgR7OCe3XGYAEs,Extra Space Storage
ChIJJz_RWcuV9IgRKGtE1X1k_6s,Brickhouse Self Storage
ChIJ39aqu-XA9IgRs0-Em7B3pM0,FreeUp Storage Sharpsburg
ChIJrU-mkI_H9IgR2Y5RhHiOcK4,Coweta Storage
ChIJZayhECQ78ogReAbdP0EIEBo,Security Mini Storage
ChIJ47v0kTol8ogRORVrlpPuhB0,S&S mini storage
ChIJaU0biNwk8ogRN0_jSD43NbQ,Southeast Cold Storage
ChIJ651CroxLYIgRIqm-XsaT8pQ,Trenton Mini Warehouses
ChIJOcep9bFOYIgRIO5LC3JfTEQ,Madex Storage Climate Control
ChIJX9Ybnk1JYIgRoUYwZFpS_68,Smokey's Storage
ChIJq7g-YcJ8X4gRu0WJLnZxK_U,Puckett's Mini Storage
ChIJReahGyJiX4gRmTuzmeJ_7mQ,USA Storage Centers - Dawsonville
ChIJV7xEWO-J9YgRj7r6pOcMtaY,Byrd - Elliott Boat & RV Storage
ChIJ07Y-SMaJ9YgRiW73sZ5GHu4,Securlock Storage at Dawsonville
ChIJ55qv-tGJ9YgRQ_WUMJc2FCg,Lock N Roll Self Storage
ChIJNfJcRQCJ9YgR4yq9EhK7wCQ,USA Storage Centers - Cumming
ChIJgbx9z3JhX4gRYk-fOgCTdJo,400 Mini Storage
ChIJGe6hSeJhX4gRR-7-LXQXJGw,Lakeside Self Storage
ChIJRWtWYngY7YgRAScyA4uirw8,"B&G Management, LLC Self Storage Facility"
ChIJwVBn-rQb7YgRJiShXrYhiuw,Cooper's Mini Warehouses LLC
ChIJk4KzRRcZ7YgRRBY0o8klliw,"KTAB Storage, LLC"
ChIJ7Y3Mh5sZ7YgR3Haa75IrqI8,Cooper's Mini Warehouses LLC
ChIJl0c_N1Or9YgRd9GUTWam1RY,Flakes Mill Rd Storage
ChIJF7GP8U6p9YgRwtiCyEL3q54,U-Haul Moving & Storage of Clarkston at Sams Rd
ChIJ40sl56eo9YgRch6JL9mLsIs,ATL Storages
ChIJbwUy09il9YgRNYCzrrwvy2M,A-1 Mini Storage
ChIJ0Q8QBA2p9YgRFIpQI7KQ1yk,U-Haul Moving & Storage of Avondale
ChIJu5Hv3NOp9YgR6pfqwktYXkQ,Avondale Mini Storage
ChIJLbAz1Kup9YgRkkGbFM4jeOw,U-Haul Moving & Storage of Stone Mountain
ChIJqz4DE9Wr9YgRTsk7639LbhA,U-Haul Moving & Storage at Covington Hwy
ChIJH3kt6foI9YgRlVXlPMEImHU,iStorage Self Storage
ChIJR3nknmAI9YgRtVErqy2zl3E,Dresden Drive Mini Storage
ChIJJ6vjaGII9YgRUj7h7hjy1lo,Morningstar Storage
ChIJeQ0-KXwJ9YgRXtKUNNzGwGg,U-Haul Moving & Storage at Northeast Expwy
ChIJG_YuIisG9YgRo1uCDr_EM7I,U-Haul Moving & Storage at Clairmont Rd
ChIJbythiruo9YgRch2blqSAjA8,Corporate Storage
ChIJnWfyT6wJ9YgRyC2Z-wOMBGM,Guardian Self Storage
ChIJu_v8lLQO9YgRGAPYNfn4Gyw,"Mobile Moving and Storage Atlanta, GA"
ChIJ5XJN_mcF9YgRO1EgD9SMqVw,U-Haul Moving & Storage at Piedmont
ChIJbQ8Q3HUG9YgRGF7h6Z-XD0A,Extra Space Storage
ChIJ3VQjIOSo9YgREvg3NWohv2g,Self Storage Climate Controlled
ChIJVwtyACqp9YgRx8vfPzydH5I,U-Haul Moving & Storage of Clarkston
ChIJAdFGO5oJ9YgRlS5KHPBVRNg,iStorage Brookhaven
ChIJvxU_ViIF9YgR_5pZ_e7B2iY,LCWS Moving & Storage - National Vanlines Affiliate
ChIJM9-34loL8YgRx9FHKjLmosQ,Affordable Self Storage Eastman GA
ChIJc0sVJel58ogR7ZeTIi7XiK0,StayLock Storage
ChIJ1aj7iS158ogRAHcJzbRo5bo,Albany Cold Storage LLC
ChIJEV8H6qF-8ogRbwfSaZc39D4,Lake Park Storage
ChIJVUjJLYh78ogRhSapImDjjLY,Royal Storage
ChIJQbjM4YJ78ogRk2CTopsiX7A,Affordable Mini Warehouses
ChIJkbVh0nl88ogRGl0NrdS24wM,Palmyra Self Storage
ChIJT_Fyh0978ogRRoy0HFxKxrw,Bush's Self Storage
ChIJiRHaJFF38ogRvjkrROZ7DoE,5-Points Mini Warehouse
ChIJHUvNyWZ38ogRi57A_GLwLG8,Simpson Storage LLC
ChIJ96JtoFt68ogRTkcYb4adDrw,Southern Self Storage
ChIJiebYy6x58ogRxvxSKl69hSo,Malone Storage
ChIJa3q4lHt38ogRfUusGiTAcSI,Base Side Storage
ChIJB7mEyYN-8ogR4qubcnxaYp0,Air Safe Self Storage
ChIJXYLBjHR98ogR_9ak5FjDiac,Hickory Grove Storage
ChIJMyEHm9Yn9YgR8b5QohydgdI,Metro Self Storage
ChIJQyQo6nMm9YgRW1OGOw7_nWY,Fortress Storage
ChIJ9ypS0vIm9YgR8CEGsv95sdA,Storage Depot of Douglasville
ChIJPWUdO5sm9YgR8u6YMJXxEPY,Premier Storage and Flea Market
ChIJT9vHfzoh9YgRTAzqiBoa-fw,Extra Space Storage
ChIJY25oitYj9YgRtShS1Tu5HNI,Lee Road Self Storage
ChIJ4w67u8gj9YgR8Qzw-SZr7jE,Sweetwater Storage
ChIJrfQ9zbQj9YgR6FBn0QTD09o,Austell/Lithia Storage
ChIJbxBIteYe9YgRX9DD_BlKy88,Fulton Industrial Cold Storage
ChIJqSTixicf9YgRuVs9CVybJmk,UNITS Moving and Portable Storage of Atlanta GA
ChIJTeBOqNUe9YgRS0kNofccG1c,Zippy Shell Moving & Storage - Greater Atlanta
ChIJpWO1u24i9YgRnKT9oZWhc20,A Quality Storage
ChIJfU-bVN28-4gRnesXVBe51pk,21 South Mini Storage
ChIJYfFyHmG8-4gRhJiuSQhKff0,Continental Self Storage
ChIJB34b82vN94gRuVTS2v8sm7Y,Best Storage Solution Elberton
ChIJZXnI6XvN94gRkC39xhUiIfk,Budget Storage
ChIJnV91cK7S94gRaEOnU8yLaGo,Trash or Treasures Storage
ChIJnb_9sUOk8IgRCJedeFqfMaI,D&R Mini Storage
ChIJO2FeJF2l8IgRw5nzTD37ZeI,Swainsboro Self Storage
ChIJwyoFUkCk8IgRNOBAapVil64,Durden Investment Storage
ChIJqUsaUkCk8IgRrISN5u8pSvY,Lane Storage LLC
ChIJZ31N4oel8IgRmTdlmUIj6Zg,East Georgia Secure Storage
ChIJq6wX8o-k8IgRJFnfG_DTFqw,Thompson´s Mini-Storage
ChIJO4Wx0LqmX4gRaXpHAXTdZmo,Secure-T-Loc Storage
ChIJ8UCKcnunX4gRVvMXSmZqZww,Trackside Self Storage
ChIJVQiqmrinX4gRIQnqjGz0udM,Ace Mini Storage
ChIJbS3PmFKmX4gRCJVA2V2C6UI,Windy Ridge Storage
ChIJ4bThEWqnX4gRDUA5EWp5NDM,Blue Ridge Storage Solutions
ChIJbR0l21ymX4gR8FvNkljMXi0,Mountain Country Storage
ChIJA8MX3IqlX4gR5YvatWzgCS0,A Plus Storage
ChIJobWm1p-nX4gR7JCSeubQY8o,Mountain Country Storage
ChIJL1PtTz3o9IgRYdCohh0CvJQ,74 Mini Storage
ChIJ0_HUCtfp9IgRp3o8W7CLakA,Shamrock Self-Storage
ChIJf7MfTxbD9IgRHeXYfHbP1ks,Gatekeeper Self Storage Units
ChIJX4RROyCGk4gRdwUQ0WSaw70,KBS Mini Warehouses
ChIJazp71PW7iogRPqPBC0pXCao,Dean Street Storage
ChIJ__8vkZmkiogRIv5d1Kv6H2k,Safe Storage
ChIJSTWjHoWliogRNhUm9XBOiTI,"10 Federal Self Storage - 3361 Martha Berry Hwy, Rome, GA"
ChIJbSYUERekiogR-RHbV5m9QZA,Mt Berry Mini Warehouses
ChIJVZtS322YiogRe2O5F2Xl1bM,West End Mini Warehouse
ChIJJYE9ngCjiogRE5nT04MxQeY,Stor-It Mini Warehouses
ChIJ4bNQlZmkiogRRaBJkJiVdKI,Safe Storage
ChIJd1UU6J-liogRmSOL9u4UpCg,The Storage Center
ChIJr0V9PtWjiogRIB17_nnP-9o,The Storage Hound
ChIJTS4PHnWd9YgRdD55rI42N6E,Midway Self Storage
ChIJz0vRaqKd9YgR1Ng2WkxdQzQ,Integrated Storage Solutions
ChIJo3AyrQed9YgRfUm7stVO8_A,Extra Space Storage
ChIJo82eI7yd9YgRFKLfqQeJH2w,McFarland-400 Storage
ChIJdYEfuZSd9YgRTp8dQ1w6vGs,Crooked Creek Storage
ChIJhT_ZiGOM9YgRSkmizuZcYcQ,self storage postcards
ChIJN-Vqjyec9YgRzAztgnlhabw,Extra Space Storage
ChIJE3qWBHae9YgRkhzQrAwRwBk,"Cimarron Storage and Leasing, LLC"
ChIJYQl-fqQn9ogRCvt879YHx6U,Southern Self Storage
ChIJt5JgYAUn9ogR1Nvh_9-J6LU,Self Storage Brooks Property Rental
ChIJw2NIt7sn9ogRkNXwtSta6v8,Tri-County Self Storage
ChIJu8Rn8hebWIgREs4EZIu56G4,Lavonia Self Storage
ChIJN-jZ56SbWIgR5TqyF2DZfgs,A 1 Storage
ChIJXdrjtRSbWIgRlzB9SiqAPG4,Just For Now Storage
ChIJh_Y-zdwL9YgR9ju7IIfr-Ig,CubeSmart Self Storage
ChIJtX5IJv1z9YgRH9jejimAC44,StoreSmart Self Storage
ChIJ2QKW96h09YgRgqo5N-laZuo,Midgard Self Storage
ChIJFT7cGXwL9YgRNem_m3BW57k,SecurCare Self Storage
ChIJQ4g4s-109YgRR_g3k624oZ8,Metro Self Storage
ChIJ3yAWVLN19YgRr6K9c8qZ4oI,Extra Space Storage
ChIJYUI3FgR19YgRnJAfUsnqd50,DNA Self Storage
ChIJccLX48Pm9IgRl_9WSSIXf2w,Shannon Mini Storage
ChIJ2wnM8p_n9IgREBvtpdJJUm4,UC Storage
ChIJQ-MFv-Oe9YgRZ729Otat5sI,Extra Space Storage
ChIJ7zPYGg3j9IgRKd3Mb9mbnRM,Red Door Store-It Self Storage
ChIJh6Tb0o5z9YgRJmvHFzrGGjQ,Extra Space Storage
ChIJExdPNmkL9YgRRJMLNbJTqZs,U-Haul Moving & Storage of Nesbit Ferry
ChIJVVWV1xx19YgRkEn4pEoAjZw,Secure Record Storage
ChIJgbO1V92WX4gR5rGVMIqIU3o,4-A Mini Warehouse A U-haul Dealer
ChIJK_jd6VaWX4gR4SaddZOKwc8,Ellijay Storage
ChIJa56fj0SXX4gRzdHRT5i_Jc0,Ellijay Storage
ChIJiQC0mMOWX4gR87e8ljJp-Es,Mini World Storage LLC
ChIJz9JJ5AWXX4gRYQaqL-vp0to,Bobcat Storage - Ellijay GA Self Storage
ChIJs4BCex2XX4gRNWWGIrXjPzA,American Storage
ChIJ5-9j1EyWX4gR7vpGSuj1vUE,Boardtown Mini-Storage
ChIJN29zeOOWX4gRQMub0ILeY4g,Absolute Storage
ChIJWfrgdMqiX4gRo_iP28Kz4GQ,Whitepath Self Storage
ChIJpe3_RLeWX4gRz22UxVjSHgo,Ellijay Storage
ChIJY8geE2wm5YgRBRmGWnr65fM,Southern Storage
ChIJlWSZwm8m5YgRGJQQfiZWZlQ,South Port Storage
ChIJhfvyPwrX5IgRc7EC_ErpCfs,Hwy 17 Self Storage
ChIJM33dULvX5IgRRGGqEaXMi0c,Seaside Storage
ChIJIa6Gqf7W5IgRzRvDexAFoJQ,Pro Storage
ChIJh0HWvtsp5YgRN_BHUII23fc,BARWICK STORAGE
ChIJ2X_pCDfW5IgRnrHa8VEgozw,American Mini Storage
ChIJiyMWhMQp5YgRB7aNipgTMn0,Interstate Self Storage & Moving
ChIJ6d5IwB_W5IgRIiKJnpu-cus,"The Storage Shed, Inc."
ChIJNaVjE5Qp5YgRdZ0b9S5x3Zg,Econo Mini Storage
ChIJKeCN5FvQ5IgRiBryeXrhYsM,Frederica Storage
ChIJ5a69HgsBYIgRXxokn-QAjrY,Dews Pond Storage
ChIJUf7dDwn9X4gRY2H0AG8P6dc,Wol storage
ChIJmb97SWcHYIgRQ8xKwfjhZjE,Stormax Storage
ChIJ6wXB3hep7YgRoRWkvpcOxzE,Chick Mini Storage
ChIJm5sAOVr09ogRVTkjaUqg9H0,Lake Oconee Storage
ChIJBw0QDcW_9YgRND2ywOa5E9c,Berger Allied Moving & Storage
ChIJR5Bm9XnB9YgRJQA_6UQAHEA,Dacula Mini Warehouses
ChIJi1MdUurB9YgRcqiDaawhIUg,CubeSmart Self Storage
ChIJIQREwA259YgRW2XpuAhlIdU,Atlanta Cold Storage Containers
ChIJyZbuCLG59YgRaG1WlEKjsc4,Securlock Storage at Snellville
ChIJqY1iUGGi9YgRD0KfmI_eW5Y,Duluth Mini Warehouse
ChIJoSNz4tii9YgRDrGi0MSTsLg,1-800-PACK-RAT Moving and Storage
ChIJBdEXZy6V9YgRpnPQWr3-4LA,U-Haul Moving & Storage at Mall of Georgia
ChIJUyGhloeV9YgRmfrbFJOSVSU,U-Haul Moving & Storage at Buford Dr
ChIJp0LlukuT9YgR_NqgNhAeL74,First Place Self Storage
ChIJxQPLKdWT9YgRrcyAtJf-IkA,Big Anchor Storage
ChIJUzj4oUyS9YgRdCu1K_7wF0s,Peachtree Industrial Boat & Mini Storage
ChIJA-r_nDKS9YgRWnvlfSatVbw,Hidden Harbor Boat and RV Storage
ChIJQxYAsLTH9YgRRfBprXry1MY,Loganville Mini Storage
ChIJXRPtwxW59YgR9TTLu-Wogto,Aurburn Self Storage
ChIJVZMsu9ei9YgR5JY_5jcrTFI,Fleetpride-Storage Warehouse
ChIJ0aybJxaj9YgRFKZ04hZE3_s,Smart Stop Self Storage
ChIJAdc0kkmx9YgR9VaQzfM4hPQ,Prime Storage
ChIJPVyf4NSU9YgRSVJyPh3wj-4,Extra Space Storage
ChIJZ1TDkyvr9YgRGWg9El4SynM,Extra Space Storage
ChIJBe38eYS69YgRUAj81JiAgTw,Extra Space Storage
ChIJW5gsIm-W9YgR0KRZ9siEuR4,PODS Moving & Storage
ChIJURwFxHij9YgRApC_DbyLphU,Ark Self-Storage
ChIJydvCBNC69YgRpN0aSrixK9U,Killian Hill Storage
ChIJU43FjH-l9YgRRyspHIbXQpg,U-Haul Moving & Storage of Lilburn
ChIJO-c6TrW79YgRzSJ2jN3pcFE,California Portable Storage
ChIJJ0rp0UKj9YgRR3ZmOgWW1Pk,U-Haul Moving & Storage at Pleasant Hill Rd
ChIJiSlZAyC59YgRfDWb8H7Z2X0,U-Haul Moving & Storage at Hwy 124
ChIJq8xOgyq69YgRXtXw7KQF0XA,Extra Space Storage
ChIJLR_LYG699YgRfarguNh-2dI,Morningstar Storage
ChIJdRY6XCqtWIgRDawxJqQl4TU,BLT Mini Storage
ChIJzetL5DqtWIgR9E-_kcFoLYQ,Byrd's Mini Storage
ChIJgXrUv6GyWIgR5gzBHbjLaiU,Forest Lane Mini Storage
ChIJyWX7KXWyWIgRvhonwyq0xWY,Cornelia Mini-Storage
ChIJEVDKtWS0WIgRow1fBvB0Qjo,Gtx Mini Storage
ChIJ47nA5UC1WIgR5GS1SzVKiLM,Clarkesville Mini Storage Bridge St. LLC
ChIJyZ178PazWIgR3BZBiU7y4z4,Central Mini Storage
ChIJHRG0lnK0WIgRywpQsx08ZbU,Clarkesville Mini Storage Bartley Wilbanks LLC
ChIJ4fVrL6WzWIgRwxFAoucB4cc,Demorest City Storage
ChIJtXKUj_OzWIgRT3iOAqSE5JU,Space Station Storage
ChIJmXzGYG2xWIgR1xNmm1cwfMo,Mount Airy Mini Storage
ChIJa8XglnWxWIgRp3XJbMWo200,AAA Mini Storage
ChIJkVMP7o_29YgRdJ7Wo_ydjm4,Oak St Mini Storage
ChIJWad9Len29YgRpvHODc-a2RI,Mini Storage
ChIJpxsf5RP39YgR4HZUAtYPFHE,Byrd's Mini Storage
ChIJu-NcjSH39YgRw87xGxPvEDE,Phoenix Storage
ChIJQfOz0rz39YgRP3GwHyANJIs,Safe Place Self-Storage
ChIJrXpeFk_39YgRrnjuRGzrvJs,Byrd's Mini Storage
ChIJZbOljWr39YgRNxl0A7yUxjQ,Byrd's Mini Storage
ChIJ967X-nT69YgRkmZwZAu1dMw,Eskimo Cold Storage
ChIJOVFrupX79YgRSDiScptqnOw,Agile Cold Storage
ChIJBRMqXy3x9YgRHzYqfu3nFCw,Lanier Cold Storage
ChIJjSa0Rx309YgRsmT7Blc08Q8,AAAmerican Warehouses Self Storage Mini Offices
ChIJR__P4Kf29YgRWmlF30u91zM,Atlas Business & Storage Center
ChIJO533Pqf29YgR00Spgr7LS48,Northeast Georgia Storage Center
ChIJ_4W-Q3FQX4gRihyR91vX9Kg,129 Storage LLC
ChIJSV1fWmDt9YgREjjzW8o52qY,Parkway Mini-Storage
ChIJUeLIh0ny9YgRqo2F9q_mEBI,Store More Self Storage
ChIJE2-lYiTy9YgRj5YoBUxdMA4,Key Storage
ChIJ4alLAxry9YgRcMKPQPdWQqI,Chestnut Mountain Mini Storage
ChIJ7fCfTAf39YgRhn6K01iIYGE,Corporate Storage
ChIJLxchSwX09YgRtVqO1Snklxs,Browns Bridge Mini Storage
ChIJ0XSrkZn39YgRC6_IJ84WjVA,Rabbittown Mini Storage
ChIJN_peVXZUX4gRJsL_qK2IENY,Byrd's Mini Storage
ChIJgU0gIg319YgRQxfw7l8qffY,Lanier Mini Storage
ChIJq9Zx16X19YgRrVv1n4p-50c,A-1 Lakeside Self Storage
ChIJmaKSjZ3z9YgR3EOCHsMqrWE,Oak Ridge Mini Storage
ChIJhQz_vGlfX4gROpV1i3T9LbE,Happy Pappy's Storage
ChIJtQoYplpeX4gRzwvUzileW3c,Boardwalk Storage-Murrayville
ChIJx_vVpvT59YgRCU2wruJ3bWA,Tadmore Mini Storage
ChIJS4vf0K2M9YgRZUl4DAfrbQU,North Lanier Storage
ChIJ6WlVna_y9YgRiF3wgmvtcQk,Flowery Branch Mini Storage
ChIJyRYMDfbYiogRORZps1EHLUA,Gordon St. Self Storage
ChIJ09HNQV7YiogRjEUWdiRDcIA,Bryan St. Self-Storage
ChIJ11CHgRXYiogRx11v0U0g28Q,Fortress Storage-Bremen
ChIJh66y84nZiogRZnyqw3reuiM,Bremen Storage
ChIJT6IRjxekjIgRweiYnFwOWB8,West Point Self Storage
ChIJO9FOGfiljIgRPrvIhlJOe_0,RiTe Place Storage
ChIJ9zZOMfGAWIgRjnJSUhLSCcU,Hartwell Mini Warehouses
ChIJ5xWhuNyAWIgRwYHVjjeec8Q,Sliders Property Storage
ChIJ7zfqyPuAWIgRP_rCTyxPBOQ,Storage Box & More
ChIJpZ8estyAWIgRlZiE4xW0YBc,Collins Dock Inc & Collins Storage
ChIJtZB0fPVb9IgR0LuIyweCyXA,United States Cold Storage
ChIJJ0D8r_pb9IgRWsGmPjtmnOw,Storage Xxtra
ChIJHbmPyspb9IgRArQmlv6cRAo,Mc Donough Parkway Mini-Storage
ChIJmfct3P5b9IgRWvM7Brrqltc,10 Federal Self Storage - 1930 Hwy 42 S
ChIJi8UWDQRb9IgR62l3WNX8Sh0,SecurCare Self Storage
ChIJty3lC11a9IgRRtMw15Lp3gU,Zacks Mini Warehouse
ChIJxfwpakNZ9IgRtMQ_R6hwKZU,Office Suites at Storage Xxtra
ChIJx5WqA-BZ9IgRZix-US4DavU,Zack's Mini Warehouses
ChIJv7DmuFhX9IgRI2bJWgzttuI,Jodeco Self Storage
ChIJ8_Mv-jNX9IgRxRZB0DMZBFE,iStorage Self Storage
ChIJ73tivfZW9IgRTX9ejg8nZLQ,North Henry Storage
ChIJy1T5THRD9IgRXVFHQjCs8Y4,10 Federal Self Storage - 4418 Hwy 42
ChIJE6KbIWtX9IgRvCFyHycLfsI,U-Haul Mobility & Storage at Eagles Landing
ChIJG7-RsG3n84gR-8Dwg0IE8rM,Securlock Storage at Warner Robins
ChIJCaM4WEDb84gRjZDxHn-pOUo,Perry Self Storage
ChIJfUXA51Pb84gRE6YRwqcysW0,Peachstate Mini Storage
ChIJz6u0h6jc84gR3fU_9VNe9ko,Bob White Self Storage
ChIJb8zoZ4Xc84gR1WEM697YnJs,Progressive Self Storage and Real Estate
ChIJwdp6D3Tc84gRYbuP3rouHFU,Perry Parkway Self Storage
ChIJ6RY7mdrf84gR5iguTsTrCS4,Moody Road Storage
ChIJs4COeCje84gRxe_vvuORPL8,Progressive Real Estate and Self-Storage in Perry and Bonaire
ChIJKfFfho7e84gR3mAcFS0eYhg,Boardwalk Storage-Kathleen
ChIJsVzqksbm84gRcPBWReVItkk,Gunn Road Mini-Storage
ChIJ-aEgG_Dm84gRt33CRcODip0,41 North Self Storage
ChIJOUI2SE_m84gRnEdd1lBReHI,Houston Mini Storage LLC
ChIJMalBju3m84gREI9NKi9FO3E,Castaway Self Storage & Carwash
ChIJ28GKrOfn84gRdoUBal0qF40,U-Haul Moving & Storage of West Warner Robins
ChIJyQ2TUdTg84gRTju1haJV5O8,Records Management & Storage LLC
ChIJR58nfubg84gRy5EoUHiQ1Ck,Absolute Storage Solutions
ChIJe2VYxETh84gRaN4G0P-t1r4,Dixieland Mini Warehouses
ChIJB8A3yifh84gRcFxWyNIJw7I,The Storage Company
ChIJF2E8IBLh84gRnwTynJfie3c,Squadron Self Storage
ChIJB5o7k3Ph84gR0n3bQvzKWe0,International City Self Storage
ChIJr0STy27h84gRWv1TM5D5Lt8,StayLock Storage
ChIJyQ2TUdTg84gRXf6J2CewGN8,All American Self Storage
ChIJFdmJ4Xvh84gRcXZCg8M_O3o,StayLock Storage
ChIJEfxpg_nf84gRmZAXhnnLzNw,Bonaire Mini Storage
ChIJY5cUmPvf84gRcXrakf3FtpQ,Monster Self Storage
ChIJP1QHDv3f84gR1ELCaT9iqSc,Storage Center of Bonaire
ChIJadDMMEXg84gRd_x40FWnOhc,SpeedWash Mini Storage and Car Wash
ChIJr53HbE_g84gRHfsL9-FYqB4,U Stuff It Storage
ChIJnfS1WU_g84gRBhC3KAHO0XA,Little House Self Storage
ChIJ1cgTox_i84gRkYR5DI6ZXio,Stor-A-Way Self Storage
ChIJNQKhBiDi84gRdX2rkE8AhQ0,FreeUp Storage Warner Robins
ChIJl5db4Vfg84gRYheTQZ7XqD0,Storage Zone Self Storage and Business Centers
ChIJJfiMTd3g84gRWpYxnXFePts,World Storage
ChIJCzYcE-jh84gR_oMN8i29F68,CubeSmart storage
ChIJo7Pou9wP9ogRAOVVIGkaMdA,441 Mini Storage
ChIJdZ-jOVfj9YgR0zHfLB6jofA,Americold Cold Storage
ChIJqxE2dzj79YgRxTO2TAr-kQI,Jackson Self-Storage
ChIJDy2VVJji9YgRvn_-4J2LsR4,Sunshine Self Storage
ChIJu2nSqsoJ9ogR4oEv3TCuaHY,Jefferson Self Storage
ChIJj6FlyP4E9ogR1Bu-4__Sg50,Commerce Storage
ChIJbTW_xXhB8IgRn3pcovOSGEw,Hazlehurst Mini Storage
ChIJ017RwCEe-ogRuqYWBU0EKeI,Eagle Self Storage
ChIJDQPUVWyr9ogRwzUu0X33Iug,Storage at Crossway
ChIJBZ1cty6q9ogRXRehnKrI0vw,SMD Self Storage
ChIJJzXefS-q9ogRDFtzM35COYY,Outdoor Options/Affordable Storage
ChIJVyfhmvGp9ogRoaFf_TzktS0,Storage at Crossway
ChIJXeOu_JZ79IgRB74e-WROpKs,Climate Controlled Storage
ChIJY8Gb2Xp79IgRlk7O1qB3_as,Mc Coy's Self Storage
ChIJQ0oCgrV79IgRRhYTdRqhoJQ,Barnesville Self Storage
ChIJTTd9v4F59IgRsI12DTqRmh8,Southern Security Self Storage
ChIJkxWNgud79IgR1-2FjNuadxU,Progressive Storage & Real Estate
ChIJt9B34_Tf8IgRGB7_3XjFtew,Strange Mini Warehouses
ChIJM_aCNovf8IgROvRsE8eFdIM,Downtown Self Storage
ChIJPVMTrm0g8YgRrCs2eH9_qdo,Claxton Dairy Self Storage
ChIJD3k5Mhwg8YgRWNZODGmmi3k,Kellam Road Self Storage
ChIJw0miuozf8IgRcg5t27oONio,A & G Mini Storage
ChIJqdf9Fskh8YgRSp3ZXspSru0,Slef Storage Units
ChIJr3EzATcg8YgRROc5nGd1HWU,Curry Self Storage
ChIJ_fmBuUIg8YgRiyfi2UDi8DU,ORR SELF STORAGE
ChIJoTsB-JPf8IgR4hb74eTjIlI,Irish Moving and Storage
ChIJU_RfViFl8ogRZ6DaQmzOpf4,StayLock Storage
ChIJu7rG1jJ98ogRLufphaNAwpE,Plantation Storage
ChIJvTG-vXrl-ogRpROAaBEwKxA,Hinesville Affordable Storage
ChIJzXMu8WXi-ogRCBvbXLjQ0Y4,Shur-Lock Mini Storage
ChIJl-aRe2kd-4gR-pQug00TVtg,Coastal Storage
ChIJz4WqTvHj-ogRcbga07tg44M,Hinesville Storage Units
ChIJW8k9RGIZ-4gRnUqkedcOszM,I-95 Mini Storage
ChIJB5AmiwFn7ogRXCXAPr__EfM,Baytree Self Storage
ChIJw1_59a1n7ogRQrHGCZZY6Oo,Mid South Super Storage
ChIJ4eT6qrVn7ogRsMn7O_qGatg,Davis Creations Self Storage
ChIJ1Sax_zZe7ogRo6dXsLHZogc,Bill's Self Storage
ChIJOwjGXvVn7ogRhrpfbduVNh0,10 Federal Self Storage - 3974 Inner Perimeter Rd
ChIJ4yMEwBpm7ogRPDtcJjldcWk,Kings Gate Self Storage
ChIJawJl1_pl7ogR-5UwN6E-pjI,Zacadoo's Self Storage
ChIJaXg0Re5l7ogRaq9957gwGD4,American Self Storage
ChIJB-GuUltC7ogR7j9wsAl6MI8,StayLock Storage
ChIJQzShR89D7ogRHesV_yaX1vA,Ms. Lillian's Self-Storage
ChIJpwcFRIpC7ogRoFb5N57LaKs,King's Gate Self Storage
ChIJaaP7O7xm7ogRWSom2yx5lpA,A & M Self Storage Inc
ChIJae-Tf65oX4gRXLtCVcsETfI,ABS Mini Storage
ChIJG-Xf9JhoX4gRGc1jViAA94U,Gold City Mini Storage
ChIJo4GpBWRoX4gRKWTthUlMKIw,Millie's Mini Storage
ChIJbQwrpHNoX4gR1mcESza1JkE,Full Basement Rock House Self Storage
ChIJiY4joyBdX4gRvq1uceOH2Ps,Byrd's Mini Storage
ChIJCZIrhTZdX4gRhT7cYGJUD84,Armored Mini Storage
ChIJG1ucW1VnX4gRRTB3-p5i1co,Boardwalk Storage-Dahlonega
ChIJY_tZYC1nX4gRP1i1PRss4Bc,Highway 60 Self Storage
ChIJLTH95jBhX4gRyhmQkdKM5Po,Lumpkin 400 Self Storage
ChIJb7DBfG5094gROv9RuAjZ6hw,Thomson Self Storage
ChIJbxtpKUF094gRUNjoQUnayqU,Blue Sky Self Storage - Thomson
ChIJJc_8ESRz94gRr-JiTo6_j5I,Copper Safe Storage
ChIJoQ94JFOZ7YgRV7SS2KbmbF0,Hall's Mini Warehouses
ChIJARO00J5z9IgRWcWFJd6Pwb0,Secure Self Storage
ChIJBbmXvswM9IgR_seIeOocJgQ,All in 1 Storage
ChIJ7Y5zZghz9IgRkxYu5L7o4MY,EAGLE SELF STORAGE
ChIJvb40XumG9ogR3bXztDCF-_8,Madison Mini Warehouse
ChIJm776E8TdX4gRUMI5fppzYzQ,CCM Mini Warehouses
ChIJI4gjiiLdX4gRLibm0DdvdMc,D & D Mini Warehouses
ChIJi_Fr6sHdX4gRRy-3wzw8IMU,Monarch Storage
ChIJsdts7crCX4gRqQ4nBcarryU,Allen's Mini Warehouses
ChIJb4jkmbXCX4gR9gAE7tbdG7I,B A's Mini Warehouses
ChIJaXoaSSY184gRL9hTOylA4B8,Prime Storage
ChIJ8XGyI8M184gRO9dqLCdBaFA,Woodruff Storage Lakeside Village
ChIJ7z6jITEt84gRt1IwJLwBSAY,Victory Drive Storage
ChIJF2H5MDot84gRp4tpFpm6CCo,The Storage Place 2
ChIJiYBpebPSjIgR3lT3ppddoRg,Ward's Storage
ChIJaT7sVY4z84gR4MgVpCEH4gw,Crystal Valley Self Storage
ChIJIZpNQhg184gR01dxVUlMlt4,Extra Space Storage
ChIJq6qady3LjIgRu_P7ksUVhb0,Warehouse World Mini Storage
ChIJr4J3QBnLjIgRApQ993Bvrcg,Fountain Mini Storage LLC
ChIJR1f2PhzLjIgRMu7r0v_qyNs,Woodruff Storage
ChIJ5Y9jYE1J9IgRIW4f0KwreDQ,Affordable Self-Storage East
ChIJJScVTFBv9ogRlKRSvPzLxgQ,Watkinsville Storage
ChIJ9Xm8Bexx9ogR5-66Ix1vH2U,J&M Mini Storage and Car Wash
ChIJKxytqatx9ogRHmxS9sE0YRw,Oconee Storage Inc
ChIJzW2gSR119ogRpQzwlKsbMEQ,Rhino Mini Storage
ChIJuUI8KqlG9ogR61dTX-NkMkM,Crawford Storage
ChIJDfE2MZ5B9ogR7FM9T2loOoo,Arnoldsville Storage
ChIJs32IkH0x9YgRN7cZlUiJvME,Dallas Mini Warehouse
ChIJr-mLfBIx9YgRSK1QJ1XNBjw,Little Bear Self Storage
ChIJN-g-3Mwx9YgR7Prj9ylGuSM,Paulding Storage
ChIJGR45f_M69YgROqzYZleRs-4,Extra Space Storage
ChIJv46ypsY69YgRybI82cl00m8,Sunnyland Self Storage
ChIJSRE9A0Il9YgR0aBgW7yxVvg,Storage Xxtra
ChIJQ-9ri9g59YgRUXy-eAAUWkA,Prime Storage
ChIJ9ZnMsj449YgRIapNe1iroks,Rock Solid Self Storage
ChIJ2xwtQEs39YgRfT1lpQKLrRs,Big Lenny’s Storage New Hope/ Dallas (Rtk)
ChIJ0xbdEBvr84gR0W8sjhgcdoY,Cool N Dry Self Storage
ChIJo0lxSgHm84gRCxvmv5azP5w,Byron Self Storage
ChIJeWlc88qIX4gRHN8LoLd86qg,R & R Self Storage
ChIJl7sJpQCGX4gRqYPLJokJ2UM,Mountain Rentals And Mini Storage
ChIJ7URD63OGX4gRd0H4o_lkrZU,Bent Canoe Storage
ChIJEa11J8qJX4gRKfSSg2yiiDY,U-Haul Moving & Storage of Jasper
ChIJscQSVciIX4gRXE2fXxo0DBQ,Jasper Self Storage
ChIJKcROXtKIX4gRC32rUvRojb0,Boardwalk Storage-Philadelphia Road
ChIJfUxA3JVm9YgRhogi_8gku0w,"South Pickens Self Storage, LLC"
ChIJJaiqCy6GX4gRGpknGVCMdI4,Jasper Mini Storage
ChIJCXr3syCPX4gR8rx9Hz3J2AQ,A-1 Mini Storage
ChIJHdZwWWX674gRT4o2rKxV--U,Plant Ave Self Storage
ChIJ9cnPcc3474gRROe9b95Xd10,Highway Storage
ChIJ3TdretL474gR91R2DQUPa8M,Highway 84 Storage
ChIJSZnCUDf_74gRrC9_b3mho10,Ez Storage of Blackshear
ChIJtxEv0uWF9IgR8kt_vOylZJc,Ark Storage
ChIJxdbgR8GJ9IgRypFmjrtHuWA,SecurCare Self Storage
ChIJBSJhpe3BiogRwIMpUiwwlp4,PILGRIM SELF STORAGE
ChIJI6iyFdXGiogRi1YfEl7ueQ0,West Side Mini Warehouses
ChIJ92aQWeDAiogRAlAXUTvVIGg,Cedartown Self Storage
ChIJF4ZfTELriogRzbrO50Y6eWc,Self Storage Center
ChIJazRH-KzBiogRYVWFYH7BP2I,Carlton McCain Realty and Mini Storage
ChIJ77R208vHiogRZZ_HepxVKpI,"A Storage Building, Inc."
ChIJr_keYWrJiogRSXcpKmSpIE8,Statham's Mini Warehouse
ChIJY4J7hNN78YgRh3Lp9vgk5EU,Downtown Storage
ChIJNYN-9Yh78YgRySDq6A1fXg4,Hartford Storage
ChIJRfcbPb978YgRQXsEIRi9-Y0,Town Creek Storage
ChIJAyOYhvOX9ogRemwaDTjahlw,Eatonton Self Storage
ChIJ0YNijluX9ogRrb5uKVdBCNo,Oak Street Storage
ChIJ0RDkUbmS9ogRY3_aDpK4W0A,Central Georgia Storage
ChIJZWk8P_GS9ogR7TmwEwm41-g,Lake Oconee Self Storage
ChIJa1lSEsfaWIgRyH14H9EXNiw,In Town Storage
ChIJo489SunFWIgRkYOfb4_9iTM,A&A Storage
ChIJDXTTLsHaWIgRd_i2_WZR8Oo,Wiley Mini & Boat Storage
ChIJiced8jDfWIgRpo-trDaMdJ0,Champion Storage
ChIJJ6xbBCHaWIgR4PDQNM_0HbQ,Hometown Storage
ChIJISUobRvZWIgRuED8ueb40U0,Mill Creek Storage
ChIJW4uzTADR-YgRUzSCE484-sM,Storage Zone Self Storage and Business Centers
ChIJX4hxSzHO-YgRfg0bbnj9I1c,Windsor Storage
ChIJLb3yxh7O-YgRxvqkWMhd5Jk,AAA Deans Bridge Storage
ChIJxfNygI7R-YgR0p1R3Tq0CMU,AAA Self Storage Milledgeville Rd
ChIJFZQFao7R-YgRAoyTONkRII0,PODS Moving & Storage
ChIJmfjpkwHS-YgRlNy6qnZuzi4,Attic Nook Storage
ChIJTXSd7kfP-YgReF7plvJNTCU,U-Haul Moving & Storage at Gordon Hwy
ChIJCWb23GbP-YgR1rr06lk5Rcs,Augusta Lock Storage- Annex Location
ChIJkTXQ-jTM-YgRvqp_B1C-J1U,Carey F.Weathers Transfer And Storage Co.
ChIJt_2xsdnX-YgRm4hUgaGOA20,Gordon Storage
ChIJ4UyqYyjT-YgR2F3TBB_v2yM,U-Haul Moving & Storage of Augusta West
ChIJBax2-9bT-YgRgJcGTd7SvJc,U-Haul Moving & Storage at 520
ChIJqfO9CH3T-YgRvcML6MAu9Hg,Forest Hills Storage
ChIJu44bD1DM-YgRdu2rbJgKGJs,U-Haul Moving & Storage at Broad St
ChIJt86zE2fN-YgRG9MvtP4Leys,Iron Guard Storage - Augusta - Bertram
ChIJJ1JeIyHN-YgRlaPnLMlCUaM,Summit Self Storage
ChIJ622dl2jN-YgRG1qg3atV718,Alexander Drive Self Storage
ChIJ22ykt37L-YgRsSNfF5siFpo,Atomic Road Self Storage
ChIJuWNnGYrF-YgROAHTJbMNPt0,Storage Zone Self Storage and Business Centers
ChIJ-7boqafP-YgRHur2aR04Ylk,SecurCare Self Storage
ChIJeRaKaALb-YgR9r6HCrCYIOk,Fast Track Self Storage
ChIJjTfBJvzP-YgRfID6SYUxL4Q,Economy Self Storage
ChIJ56zrzCjQ-YgRxfYrLuTvLaI,AA Augusta Storage
ChIJn9msyVZL9IgRPTI-iYimLoM,Storage Time Conyers
ChIJp1mTx_e19YgRv0cDF6XkA94,Collegeboxes at U-Haul Moving & Storage of Conyers
ChIJHXRalt5K9IgRnWpvtc9QKE8,Extra Room Storage
ChIJTX_k4MJK9IgRi4aqbJcTcHI,A-1 Mini Storage
ChIJ-wgO_--y9YgRKK0mkeXKOfc,Aaron & Montana Self Storage
ChIJMYQ_jR-z9YgR-FvkU4ORD3Y,SecurCare Self Storage
ChIJ8ytgo9GK9IgR6HCi_BD5mDw,Mathis Self Storage
ChIJO2r7akj19IgR2SGqFp3w-6w,SecurCare Self Storage
ChIJb6dREJq8WIgRD7bZx1RZymw,AJ's Self Storage
ChIJxx6e1629WIgRrqOF-AQtpTs,Stone Gate Storage Toccoa
ChIJCUK1RaaXWIgRJzBA1qVXLP8,Midgard Self Storage
ChIJ6dB4Wa-9WIgRq4itYVRk_Sc,Maypole Self Storage
ChIJ1VTK3sm9WIgR9VHIFGC-mX8,Haddock Self Storage
ChIJszxAQxa8WIgR87s0CL3G83k,Family Pride Mini Storage
ChIJHbWjQg68WIgRtqPshF-RjYw,Toccoa Mini Storage
ChIJAcc-xxJX8ogRwmFoyYwKSVo,Self-Storage Americus
ChIJUwrM-mtX8ogRG-tb_EXY5uk,Security Mini Storage
ChIJJ4IOO8aN-ogREJgcpMybU1o,Personal & Business Storage Co
ChIJW8qBS_qR8ogRU2XuizPf_ZM,Quality Self Storage
ChIJ9aNaE0yP8ogRAC_nz14Pb34,Willis ag storage
ChIJ49Cz8Dm07YgR7OEirXi9KaY,Chastain Bicycle Co-Mini Warehouse
ChIJQ0okT8S17YgRAJv5su1YGPw,Tomlinson Self Storage
ChIJtSJMfHO27YgRd3w2AFl1gPc,Southern Self Storage
ChIJswqsOHO27YgRjBbWpya8b7A,Thomasville Mini Warehouses
ChIJv6BdPQi27YgRMQXvYYIYk-I,Thomasville Self Storage
ChIJDRgUkjG37YgROl-Nhx549ow,All Access Self Storage of Thomasville
ChIJg7f65DC27YgRYVtvq0GAzt8,Northside Mini Warehouses
ChIJ3X-5xNXJ7YgRa5G4oHJYsv4,Moultrie Road Self Storage
ChIJxa52IuUB7ogRrnz6VqOxw5k,Red Bird Mini Storage
ChIJh1J-y3wB7ogRw6lhI7yBwhk,Tifton Self Storage - Victory
ChIJ0QeMHSr-8YgRml-WcgBwnW8,Aaa Mini Storage
ChIJN6lbK_YB7ogR-NiaYkJdwbU,Storage Zone Self Storage and Business Centers
ChIJ40eairQB7ogRB-xgdEdaEP0,Carpenter Road Self-Storage
ChIJzaiU1AYB7ogRH8RZY298aAI,Storage Solutions Of Tifton
ChIJ38wPwqYB7ogRh6wS1E9Zuo4,Tifton Self Storage - Hunt
ChIJWYpRVcEB7ogRwgOs2xhrk_E,"HHG Storage - Safe, Secure Mini Storages"
ChIJnXawiZkB7ogRF9DR7sqfDo0,Automated Self Storage
ChIJJxnC_GYC7ogR4QsLJhyEmQg,New River Self Storage
ChIJm2GeMugB7ogRAQj5lnsM3wM,Mini Self Storage
ChIJk2Nk26QD7ogRD5w7TWxhYK8,Oakridge Mini Storage
ChIJRX8NDkoD7ogRwmeI7tNEZ_c,Storage Zone Self Storage and Business Centers
ChIJw2o5TdWI8IgRAiDAJTl-LCQ,Target Mini Storage LLC
ChIJh7DBcS6P8IgRS6GnuvGpOTk,Universal Storage
ChIJm7F-IsuI8IgRsv481MCzOOE,Irish Moving & Storage
ChIJoaaNROuG8IgRkVKn4d8ZrGg,C & T Mini Storage
ChIJXx9wZ2sjX4gR2jqHl8ythhg,Keep it Storage
ChIJJZSTzVkvX4gRwll_FH1swfc,Starr Storage
ChIJN7gimk4vX4gRScwu-eCOuyY,Hiawassee Storage
ChIJC5HwZa0vX4gR0Ux1TcpJVNU,Streak Hill Mini Storage
ChIJmS0UUwxWi4gRy2dq0GCvqJI,AAA Storage
ChIJoWWuXndWi4gRsMBHEfLwdPw,All Self Storage
ChIJL76v02xVi4gRJa5dKIDxXfk,Red Dot Storage
ChIJZwXUgiJUi4gRd1ofjKaFpb4,Commerce Mini Storage
ChIJMy0qCPZUi4gRu13dhQO60Kg,New Franklin Rd Self Storage
ChIJC2g99aOq9IgRcX7GVOmXFo8,Highway 29 Mini Storage
ChIJLdOFZ5hXi4gRtebXmHVXCgQ,West Point Road Mini Storage
ChIJswMfB6dXi4gRjku-7HqhsPE,iStorage Self Storage
ChIJW6px_adXi4gRZp3vtZx7B5k,Lee's Crossing Mini Storage
ChIJE3_y6a5Xi4gRTqRUNmNVxWw,Leapfrog Storage & Trucks
ChIJKYP-EYIXX4gRpCx48bmMnCU,DT Mini-Storage
ChIJg_H80EQXX4gR5SQvpQIzNfY,Mountain Town Storage
ChIJ4TlWEKkiX4gRcUOhaE4nErg,Blairsville Storage LLC
ChIJPyAPv8MiX4gRB6zJzvhdFtU,Inn Storage LLC
ChIJyQfcs_YZX4gRtLWIwxfU9DQ,Ridge Mini Storage
ChIJpbcf1_AZX4gRlE9TRZ-rpVE,Lake Nottely Self Storage
ChIJHUqUrZJ-84gRGsBfRwHB_3Q,West End Mini Storage
ChIJhbwppeV-84gRpYLG2LGIoOo,Barnesville Street Mini Storage
ChIJ5XG973B-84gRhb6NeBtfRKw,Semi-Storage
ChIJTwOXjRZ-84gRSRORBStF7GM,Jeff Davis Mini Storage
ChIJbQdMzRd-84gRqPUD5pvj71Y,Grier's Self Storage
ChIJ63NeCCk_YIgRcrvoPPiHqZ0,"Lafayette Storage Solutions, LLC"
ChIJl65YvVsVYIgRTRRF35sif4E,LaFayette Storage Solutions
ChIJOZnZTrhqYIgRLYkVZmWjbew,The Storage Station
ChIJ1wZG2yFdYIgRq2rv5mNMjtQ,Rossville Self Storage
ChIJC46lJ-bR9YgR8R8B0e3IdpI,Monroe Self Storage
ChIJn2HZAGfQ9YgR9ZNyDvJeCBI,USA Storage Centers - Monroe
ChIJoynXukLQ9YgRklKhhZMMF1M,Elite Storage Solutions
ChIJRbzI7-_Q9YgR-xlBrzDly2o,SecurCare Self Storage
ChIJxyKtW73Q9YgRJAweFlibiKs,AAA Walton Security Storage
ChIJmcsRT-3P9YgRnhlIb-KTps4,Between Mini Storage
ChIJA-fE0uHQ9YgRsuP0WesjwOE,Walton Security Storage
ChIJg6WwPzTJ9YgRCL9c5yH9k_A,10 Federal Self Storage
ChIJ19FcV8jH9YgRNh1ckbXu8Og,A & A Mini Storage Inc
ChIJSfMYFX_P9YgR-oLO5NTh4AI,10 Federal Self Storage
ChIJ8dw1eLrw74gRG2jdN53XrLE,A-1 Self Storage
ChIJ4VXSaaf674gRvtwVf5xl0wg,City Self Storage
ChIJ4UavrATw74gRh6oP9i0pu38,Augusta Avenue Storage
ChIJC6aFplbl74gRO62hAfJ8QU0,Albany Ave Self Storage
ChIJH-yWq7Tw74gRX4_GAJAfjcY,Knight Avenue Storage
ChIJibNBO5vw74gRX09UmgxUOkQ,City Self Storage
ChIJ7TO5YXnw74gRsnjXx62c3gM,Ace Storage
ChIJd77XFDPx74gRGD0H2XmQjVA,Georgia Storage Solutions
ChIJx9NLQnbw74gRwXx7RqzeKbo,Store N' Lock Mini Storage
ChIJKbK1cbcu94gRU0EiYnGsvE0,Self Storage Secure
ChIJd-z5mMEu94gR3FK1G2a2ToY,E-Z Self Storage
ChIJBbGh_YbH-ogRC6InqDUxyy8,Jessup Storage
ChIJn3RUFvW4-ogR8_nlNNkjTrc,Hayes Mini-Storage
ChIJBcJ1_YbH-ogRUtpFu2qgXzs,Sunset Mini Storage
ChIJmSTXo-e4-ogRYuHIPmlcg_Y,Budget Self Storage
ChIJ6VxD7wG5-ogRofQDF4s7Tms,Jesup Mini Storage
ChIJubVCBpK5-ogR4lWqTsO8WQE,Sunset Self Storage
ChIJL06UyIBFX4gRKiZ2hy7duec,129 Mini Storage
ChIJhc37xhdPX4gRaoZ98SiVZ6Y,Stonegate Mini-Storage
ChIJoazKD_pFX4gRkVefpztCCkY,Stonegate Mini Storage (Cleveland City Location)
ChIJg0jC-TZ1YIgRqNJuuOjzjZw,RW Mini Storage
ChIJv_wsuSJ1YIgRg3ofJzdnYo4,Mini Warehouses Of Dalton
ChIJK3Gj1xh1YIgRdOzzrTQnAYQ,Sentry Climate Control Storage
ChIJcdIYdPzfX4gRln-vBGpNeYc,Dalton Storage
ChIJidhNgYDfX4gR2bPyIwQKbS4,All Seasons Self Storage
ChIJqxruksd1YIgRrhHvV9JoInE,Mini Warehouses-Thornton Avenue
ChIJ5Redkf10YIgRsFutD_jKil8,Mini Warehouses-North Georgia
ChIJCcMy0v10YIgR7Pb4cJfdiOM,HHC Mini Warehouses
ChIJuea-vjN1YIgRcTSknRmHRas,Mini Warehouses-North Whitfield
ChIJBYKF0Hl1YIgR1FW-9-NboSo,Mini Warehouses-Pleasant Grove
ChIJDWDLcyZ2YIgRcexldT3rMkI,Global Storage
ChIJ-Z-aqi92YIgRrw5FSSELR5s,Mini Warehouses-Pleasant Grove
ChIJKWeZnmJ3YIgRWJP9MpoHskI,Copper Safe Storage
ChIJB-mPCNx3YIgR8LOpQ3C-Pgc,Mini Warehouses-Nob North
ChIJC8JYw-jeX4gRmdoo0PrMXZw,Mini Warehouses-Dawnville
ChIJjXZ94PQKYIgR-s8NxMqYHs4,U Lock It Mini Warehouses
ChIJs6apl3QLYIgR3bYT9c2agOA,King Self Storage Inc
ChIJxRFBKoZ0YIgRlKM_RpAf9Xg,U Lock It Mini Warehouses
ChIJGbRRI88L8ogRGQDywNreGiY,Simple Storage Solutions
ChIJ-T1jlbYJ8ogR-Cx6MGtQFoo,Quick Lock Storage - Sylvester
ChIJJ3K7nAwJ8ogRn0P5sGJs7K4,Stor-All Self Storage of Sylvester
ChIJEfXkhiAJ8ogRQx7lbGHTpWw,Moore Storage
ChIJb2daG7IJ8ogRjQ8hBw3O7k0,Birdsong Warehouse Service Co (Sylvester Cold Storage)